Date,daily.record.time,WDIR,WSPD,GST,WVHT,DPD,APD,MWD,PRES,ATMP,WTMP,DEWP,VIS,TIDE,Day_of_Week,ATTENDANCE
2012-11-2,24,296,3.7,4.3,99,99,99,999,1018,23.3,27.1,999,99,99,Fri,18624
2012-11-7,24,299,6.3,7.3,99,99,99,999,1387,22.7,27,999,99,99,Wed,18624
2012-11-9,24,79,8.9,10.1,99,99,99,999,1020,19.3,26.2,999,99,99,Fri,18624
2012-11-14,24,54,6.4,7.2,99,99,99,999,1018,24.5,26,999,99,99,Wed,18624
2012-11-17,24,63,6.6,7.4,99,99,99,999,1017,23.5,26.1,999,99,99,Sat,18624
2012-11-21,24,302,7.6,8.5,99,99,99,999,1015,19.8,25.6,999,99,99,Wed,18624
2012-11-23,24,107,8.8,9.8,99,99,99,999,1019,19,24.9,999,99,99,Fri,18624
2012-11-28,24,93,3.4,4,99,99,99,999,1021,23.6,25.7,999,99,99,Wed,18624
2012-11-30,24,78,11,12.3,99,99,99,999,1020,23.5,25.3,999,99,99,Fri,18624
2012-12-5,24,103,7.4,8.3,99,99,99,999,1019,23.7,25.4,999,99,99,Wed,18624
2012-12-8,24,114,6.1,6.9,99,99,99,999,1015,24.9,25.6,999,99,99,Sat,18624
2012-12-12,24,160,6.3,7,99,99,99,999,1018,25.7,25.8,999,99,99,Wed,18624
2012-12-19,24,146,4.5,5.1,99,99,99,999,1017,23.9,26,999,99,99,Wed,18624
2012-12-21,24,278,7.7,8.7,99,99,99,999,1017,22.8,25.8,999,99,99,Fri,18624
2013-1-2,24,142,3.8,4.3,99,99,99,999,1018,23.9,24.5,999,99,99,Tue,18624
2013-1-4,24,97,2.8,3.5,99,99,99,999,1021,24.3,24.4,999,99,99,Thu,18624
2013-1-9,24,120,8.7,9.8,99,99,99,999,1022,25.1,24.8,999,99,99,Tue,18624
2013-1-11,24,107,9.5,10.6,99,99,99,999,1023,24.7,25,999,99,99,Thu,18624
2013-1-14,24,116,7.1,7.9,99,99,99,999,1020,24,25,999,99,99,Sun,18624
2013-1-16,24,113,6,6.6,99,99,99,999,1018,24.2,24.9,999,99,99,Tue,18624
2013-1-18,24,189,7.6,8.7,99,99,99,999,1021,17.3,24.6,999,99,99,Thu,18624
2013-1-24,24,44,6.9,7.6,99,99,99,999,1024,21.1,24.2,999,99,99,Wed,18624
2013-1-27,24,73,7.9,8.7,99,99,99,999,1023,23.6,24.6,999,99,99,Sat,18624
2013-1-30,24,139,8.3,9.3,99,99,99,999,1019,23.8,25,999,99,99,Tue,18624
2013-2-1,24,75,9.8,11,99,99,99,999,1022,18.7,24.6,999,99,99,Thu,18624
2013-2-3,24,144,5.3,5.9,99,99,99,999,1020,20.5,24.7,999,99,99,Sat,18624
2013-2-7,24,116,5.2,5.8,99,99,99,999,1018,23.2,24.3,999,99,99,Wed,18624
2013-2-10,24,95,8.7,9.7,99,99,99,999,1022,23.1,24.1,999,99,99,Sat,18624
2013-2-13,24,166,6.3,7,99,99,99,999,1016,24.3,24.1,999,99,99,Tue,18624
2013-3-1,24,174,4.2,5,99,99,99,999,1014,19.1,24.2,999,99,99,Thu,18624
2013-3-8,24,141,6.6,7.3,99,99,99,999,1021,17.5,22.3,999,99,99,Thu,18624
2013-3-13,24,175,6.5,7.3,99,99,99,999,1017,20.4,23.3,999,99,99,Tue,18624
2013-3-16,24,77,4.3,5.2,99,99,99,999,1022,20.1,23.3,999,99,99,Fri,18624
2013-3-18,24,154,7.3,8,99,99,99,999,1017,23.3,23.8,999,99,99,Sun,18624
2013-3-26,24,131,9.2,10.4,99,99,99,999,1017,19,23.9,999,99,99,Mon,18624
2013-3-29,24,43,7.4,8.2,99,99,99,999,1024,20,23.5,999,99,99,Thu,18624
2013-4-3,24,125,5,5.4,99,99,99,999,1017,24.1,23.6,999,99,99,Tue,18624
2013-4-5,24,187,5.7,6.2,99,99,99,999,1014,22.7,23.4,999,99,99,Thu,18624
2013-4-7,24,87,7.5,8.3,99,99,99,999,1018,23.5,23.3,999,99,99,Sat,18624
2013-4-10,24,108,8.2,9.1,99,99,99,999,1018,24.9,24.5,999,99,99,Tue,18624
2013-11-1,24,144,4.4,5,99,99,99,999,1015,27.1,27.6,999,99,99,Thu,"18,624"
2013-11-6,24,82,11,12.2,99,99,99,999,1016,26.5,26.5,999,99,99,Tue,"17,130"
2013-11-11,24,74,9,9.9,99,99,99,999,1018,26.5,27.4,999,99,99,Sun,"18,624"
2013-11-13,24,56,9.1,10.2,99,99,99,999,1017,24.7,26.7,999,99,99,Tue,"17,032"
2013-11-15,24,89,10.3,11.5,99,99,99,999,1019,25.1,26.7,999,99,99,Thu,"18,624"
2013-11-22,24,86,7.9,8.8,99,99,99,999,1019,25.4,27,999,99,99,Thu,"18,624"
2013-11-27,24,259,7.5,8.4,99,99,99,999,1013,24.3,26.8,999,99,99,Tue,"17,319"
2013-11-29,24,46,10.2,11.4,99,99,99,999,1022,22.7,25.2,999,99,99,Thu,"17,685"
2013-12-3,24,214,3.7,4.4,99,99,99,999,1014,23.1,26.3,999,99,99,Mon,"16,649"
2013-12-6,24,119,8.5,9.5,99,99,99,999,1020,25.8,26.3,999,99,99,Thu,"17,263"
2013-12-11,24,102,6.6,7.3,99,99,99,999,1021,25.9,26.2,999,99,99,Tue,"17,587"
2013-12-13,24,62,11,12.2,99,99,99,999,1020,24,25.9,999,99,99,Thu,"17,479"
2013-12-16,24,167,5.9,6.6,99,99,99,999,1018,22.9,25.9,999,99,99,Sun,"17,071"
2013-12-18,24,28,8.1,9.1,99,99,99,999,1021,22.6,25.2,999,99,99,Tue,"17,101"
2013-12-21,24,122,9.7,10.8,99,99,99,999,1019,25.7,25.8,999,99,99,Fri,"18,169"
2013-12-28,24,102,9.1,10.2,99,99,99,999,1020,25.3,25.5,999,99,99,Fri,"18,264"
2013-12-31,24,71,7,7.7,99,99,99,999,1020,23.3,26,999,99,99,Mon,"18,264"
2014-1-3,24,175,8.1,9,99,99,99,999,1016,21.8,25.5,999,99,99,Wed,"18,264"
2014-1-13,24,108,6,6.7,99,99,99,999,1020,24.4,25.2,999,99,99,Sat,"17,750"
2014-1-15,24,265,5.5,6.1,99,99,99,999,1016,23.1,25,999,99,99,Mon,"17,569"
2014-1-17,24,288,5.2,6.1,99,99,99,999,1021,13.6,24.1,999,99,99,Wed,"18,624"
2014-1-24,24,29,8.6,9.7,99,99,99,999,1024,18.6,23.4,999,99,99,Wed,"18,624"
2014-1-26,24,142,2.6,3.1,99,99,99,999,1018,21.2,23.6,999,99,99,Fri,"18,624"
2014-1-29,24,176,2.7,3.1,99,99,99,999,1017,24.2,23.7,999,99,99,Mon,"18,624"
2014-2-2,24,122,6,6.7,99,99,99,999,1019,24.7,24.3,999,99,99,Fri,"18,624"
2014-2-7,22,122,3.7,4.1,99,99,99,999,1019,24.8,25.1,999,99,99,Wed,"18,624"
2014-2-9,24,211,2.5,2.9,99,99,99,999,1017,23.1,25.6,999,99,99,Fri,"17,650"
2014-2-12,24,136,4.7,5.4,99,99,99,999,1015,24.4,25.7,999,99,99,Mon,"17,922"
2014-2-26,24,244,4.1,4.8,99,99,99,999,1013,23.6,25.7,999,99,99,Mon,"16,605"
2014-3-1,24,112,5.8,6.5,99,99,99,999,1019,21,24.6,999,99,99,Thu,"18,624"
2014-3-5,24,129,4.5,5,99,99,99,999,1016,24.3,25.2,999,99,99,Mon,"18,155"
2014-3-7,24,270,10.8,12.1,99,99,99,999,1012,23.4,24.5,999,99,99,Wed,"18,195"
2014-3-9,24,66,3.3,3.8,99,99,99,999,1020,20.9,24.4,999,99,99,Fri,"18,624"
2014-3-12,24,211,7.2,7.9,99,99,99,999,1012,24.5,24.5,999,99,99,Mon,"18,624"
2014-3-14,23,68,9.1,10.3,99,99,99,999,1021,20.8,23.8,999,99,99,Wed,"18,624"
2014-3-19,24,155,3.5,3.8,99,99,99,999,1017,23.1,24.1,999,99,99,Mon,"18,624"
2014-3-26,24,173,11.7,13.2,99,99,99,999,1019,18.8,23.5,999,99,99,Mon,"18,341"
2014-3-30,24,234,4.8,5.3,99,99,99,999,1016,23.4,23.9,999,99,99,Fri,"18,624"
2014-4-4,24,131,6.3,6.9,99,99,99,999,1017,24.3,25.3,999,99,99,Wed,"18,624"
2014-4-11,24,93,5.3,5.9,99,99,99,999,1022,23.6,24.6,999,99,99,Wed,"18,624"
2014-4-16,24,136,5.1,5.6,99,99,99,999,1015,24.9,25.4,999,99,99,Mon,"18,624"
2014-10-29,24,99,5.6,6.3,99,99,99,999,1018,26.5,27.2,999,99,99,Mon,18624
2014-11-5,24,76,10.4,11.6,99,99,99,999,1019,24.9,25.7,999,99,99,Mon,16249
2014-11-7,24,248,3,3.4,99,99,99,999,1015,23.6,26.2,999,99,99,Wed,17122
2014-11-12,24,222,5.7,6.3,99,99,99,999,1015,22.2,26,999,99,99,Mon,17043
2014-11-14,24,77,3.4,3.8,99,99,99,999,1016,24.4,25.8,999,99,99,Wed,18624
2014-11-17,24,165,6.5,7.1,99,99,99,999,1016,26.3,26.2,999,99,99,Sat,16726
2014-11-23,24,130,10,11.1,99,99,99,999,1016,26,25.6,999,99,99,Fri,16692
2014-11-28,24,238,9.1,10.2,99,99,99,999,1021,17.9,24.6,999,99,99,Wed,18203
2014-11-30,24,73,11,12.2,99,99,99,999,1022,23.2,24.4,999,99,99,Fri,17121
2014-12-3,24,74,8.8,9.6,99,99,99,999,1018,24.6,24.3,999,99,99,Mon,15870
2014-12-5,24,81,8.1,9.1,99,99,99,999,1020,24.9,24.5,999,99,99,Wed,18624
2014-12-7,24,205,4.6,5.1,99,99,99,999,1018,23.1,24.6,999,99,99,Fri,16716
2014-12-12,24,192,3.3,3.9,99,99,99,999,1022,17.9,24.4,999,99,99,Wed,17989
2014-12-17,24,192,4,4.4,99,99,99,999,1021,21.1,25.2,999,99,99,Mon,16764
2014-12-19,24,117,4.4,4.9,99,99,99,999,1018,21.7,24.7,999,99,99,Wed,17042
2014-12-26,24,90,6,6.7,99,99,99,999,1020,23.7,25.1,999,99,99,Wed,18624
2014-12-31,24,92,3.6,4.1,99,99,99,999,1021,24.7,25.5,999,99,99,Mon,18624
2015-1-2,24,116,6.7,7.3,99,99,99,999,1022,25.2,25.6,999,99,99,Tue,18624
2015-1-5,24,102,5.3,5.8,99,99,99,999,1025,25.4,25.7,999,99,99,Fri,16720
2015-1-12,24,111,9.7,10.7,99,99,99,999,1021,24.9,25.2,999,99,99,Fri,16906
2015-1-14,24,174,3.5,3.9,99,99,99,999,1017,22.6,25,999,99,99,Sun,16067
2015-1-16,24,217,5.4,6,99,99,99,999,1017,20.1,24.8,999,99,99,Tue,18624
2015-1-30,24,193,5.4,6.2,99,99,99,999,1022,19.9,24.2,999,99,99,Tue,17675
2015-2-1,24,106,9,10.1,99,99,99,999,1022,21.2,23.7,999,99,99,Thu,17366
2015-2-4,24,92,7.9,8.9,99,99,99,999,1020,22.5,24.7,999,99,99,Sun,15126
2015-2-6,24,125,9.3,10.3,99,99,99,999,1018,19.2,23.5,999,99,99,Tue,18322
2015-2-11,24,254,7.5,8.3,99,99,99,999,1013,16.3,22.8,999,99,99,Sun,16083
2015-2-25,24,244,2.5,2.8,99,99,99,999,1015,22.7,23.5,999,99,99,Sun,16899
2015-2-27,24,152,4,4.4,99,99,99,999,1017,23.3,23.1,999,99,99,Tue,18624
2015-3-1,24,80,7.9,8.7,99,99,99,999,1024,24.3,24.7,999,99,99,Thu,18624
2015-3-4,24,113,7.6,8.3,99,99,99,999,1020,24.2,24.2,999,99,99,Sun,16354
2015-3-11,24,115,6.7,7.4,99,99,99,999,1020,25,24.9,999,99,99,Sun,17135
2015-3-13,24,104,8.3,9.2,99,99,99,999,1020,24.7,24.9,999,99,99,Tue,18624
2015-3-16,24,173,2.7,3,99,99,99,999,1020,24.2,24.9,999,99,99,Fri,18624
2015-3-22,24,203,2.5,2.8,99,99,99,999,1017,24.7,25.9,999,99,99,Thu,18624
2015-3-25,24,175,1.8,2.1,99,99,99,999,1018,24.5,25.7,999,99,99,Sun,17366
2015-3-29,24,77,7.9,9,99,99,99,999,1023,19.7,24.5,999,99,99,Thu,18624
2015-4-1,24,125,3.9,4.4,99,99,99,999,1020,23,24.6,999,99,99,Sun,18624
2015-4-3,24,105,7.4,8.2,99,99,99,999,1020,24.2,25.2,999,99,99,Tue,18624
2015-4-12,24,121,6,6.5,99,99,99,999,1018,25.8,25.9,999,99,99,Thu,18624
2015-4-14,24,117,5.9,6.5,99,99,99,999,1020,25.8,25.9,999,99,99,Sat,18624
2015-10-28,24,173,6.7,7.4,99,99,99,999,1014,26.7,27.6,999,99,99,Sun,18624
2015-10-30,24,165,2.1,2.4,99,99,99,999,1015,26.8,27.8,999,99,99,Tue,16898
2015-11-1,24,103,5.8,6.3,99,99,99,999,1016,27.4,28.1,999,99,99,Thu,17461
2015-11-4,24,86,6.7,7.3,99,99,99,999,1017,27.7,28.1,999,99,99,Sun,17879
2015-11-6,24,84,7.1,7.8,99,99,99,999,1018,27.2,27.9,999,99,99,Fri,18624
2015-11-13,24,96,3.1,3.6,99,99,99,999,1015,27.5,28,999,99,99,Tue,17138
2015-11-18,24,110,10.3,15.1,99,99,99,999,1389,30.1,30.2,999,99,99,Sun,17262
2015-11-20,22,119,4,8.7,99,99,99,999,1424,29.8,30.5,999,99,99,Tue,18361
2015-11-25,24,76,12.5,14.3,99,99,99,999,1020,24.6,26.4,999,99,99,Sun,17588
2015-11-27,24,67,12.1,13.6,99,99,99,999,1020,25.3,26.2,999,99,99,Tue,18624
2015-12-9,24,87,4.7,5.2,99,99,99,999,1014,24.4,25.6,999,99,99,Sun,17318
2015-12-11,24,188,7.7,19.9,99,99,99,999,2139,30.7,35.2,999,99,99,Tue,18624
2015-12-15,14,157,3.7,24.5,99,99,99,999,2938,31.3,42,999,99,99,Sat,18624
2015-12-18,17,194,10.2,32.6,99,99,99,999,3129,34.8,43.4,999,99,99,Tue,18624
2015-12-21,15,150,16.5,52.1,99,99,99,999,3415,40,40.3,999,99,99,Fri,18624
2015-12-27,24,113,9.7,14.4,99,99,99,999,1018,26,29.5,999,99,99,Thu,18624
2015-12-30,23,153,12.1,17,99,99,99,999,1021,26.4,32.9,999,99,99,Sun,18624
2016-1-2,22,133,1.8,2.2,99,99,99,999,1018,25.4,26.7,999,99,99,Tue,18624
2016-1-6,24,59,16.8,18.4,99,99,99,999,1391,62.5,65.6,999,99,99,Sat,18624
2016-1-13,24,24,7.7,8.5,99,99,99,999,1020,19,24.9,999,99,99,Sat,18624
2016-1-15,23,173,11.9,20.8,99,99,99,999,1403,66.1,67.8,999,99,99,Mon,18624
2016-1-22,24,169,11.2,16.2,99,99,99,999,1388,22.9,65,999,99,99,Mon,18624
2016-1-27,24,160,11.1,12.4,99,99,99,999,1016,24.7,24.1,999,99,99,Sat,18108
2016-1-29,24,301,8.8,9.9,99,99,99,999,1015,19.6,23.9,999,99,99,Mon,17729
2016-2-3,24,127,9.7,10.7,99,99,99,999,1018,24.7,24.9,999,99,99,Sat,17297
2016-2-7,24,306,10.3,11.6,99,99,99,999,1016,16.6,24.2,999,99,99,Wed,18624
2016-2-10,24,252,4.8,5.5,99,99,99,999,1021,16.8,23.3,999,99,99,Sat,18186
2016-2-25,24,285,8.5,9.6,99,99,99,999,1018,20.7,24.2,999,99,99,Sun,18157
2016-2-27,24,305,6.9,7.9,99,99,99,999,1023,15.8,23,999,99,99,Tue,18624
2016-2-29,24,107,5.6,6.3,99,99,99,999,1021,21.9,23.8,999,99,99,Mon,17680
2016-3-2,24,93,2.3,2.6,99,99,99,999,1019,22.8,23.9,999,99,99,Fri,18624
2016-3-4,24,248,5,9.3,99,99,99,999,1016,24,23.7,999,99,99,Sun,18624
2016-3-9,24,127,10.3,11.5,99,99,99,999,1022,23.3,23.3,999,99,99,Fri,17790
2016-3-11,24,130,9,10,99,99,99,999,1022,23.7,23.3,999,99,99,Sun,18624
2016-3-16,24,147,3.5,4,99,99,99,999,1018,24.2,25.6,999,99,99,Fri,18624
2016-3-21,18,298,9.2,15.3,99,99,99,999,1517,73.8,79.2,999,99,99,Wed,18624
2016-3-23,21,102,12.4,26.1,99,99,99,999,2732,115.7,163.9,999,99,99,Fri,18624
2016-4-6,22,79,7.3,12.6,99,99,99,999,1836,24.2,69.8,999,99,99,Fri,18624
2016-4-8,20,223,4.9,10.2,99,99,99,999,1016,23.9,74.1,999,99,99,Sun,18624
2016-4-11,24,89,8.3,9.2,99,99,99,999,1021,64.5,25.1,999,99,99,Wed,18624
2016-4-13,21,101,3.9,4.5,99,99,99,999,1018,70.9,71.7,999,99,99,Fri,18624
2016-10-26,23,74,11.4,12.7,99,99,99,999,1019,26.2,27.7,999,99,99,Fri,18624
2016-11-2,24,78,10.3,11.4,99,99,99,999,1018,26.4,27,999,99,99,Fri,18624
2016-11-6,24,64,9.9,11,99,99,99,999,1018,25.5,26.1,999,99,99,Tue,17452
2016-11-11,23,58,4.1,12.9,99,99,99,999,1018,24.5,111.8,999,99,99,Sun,18624
2016-11-16,20,185,6.5,21.1,99,99,99,999,2360,119.9,123.9,999,99,99,Fri,18624
2016-11-18,24,76,8.3,9.5,99,99,99,999,1019,24.5,26.4,999,99,99,Sun,18624
2016-11-25,23,87,8.5,17.4,99,99,99,999,1411,67.7,68.6,999,99,99,Sun,18624
2016-11-30,23,133,9.7,18.3,99,99,99,999,1797,68.1,110.7,999,99,99,Fri,17338
2016-12-2,18,112,4.4,4.8,99,99,99,999,1017,25.5,26.2,999,99,99,Sun,18624
2016-12-9,17,110,9,15.2,99,99,99,999,1548,81,83.2,999,99,99,Sun,18624
2016-12-16,14,77,7.2,14.4,99,99,99,999,1662,24.5,95.3,999,99,99,Sun,18624
2016-12-23,19,131,12.6,27.7,99,99,99,999,1966,25.2,231.1,999,99,99,Sun,18624
2016-12-27,20,96,12.5,31.1,99,99,99,999,3267,73.7,269.4,999,99,99,Thu,18624
2016-12-30,17,107,9.5,10.6,99,99,99,999,1020,20.1,25.2,999,99,99,Sun,18624
2017-1-6,2,318,3,51,99,99,99,999,1015,23.7,24.8,999,99,99,Sat,18624
2017-1-7,2,248,6.2,6.8,99,99,99,999,1017,25.6,24.9,999,99,99,Sun,18624
2017-1-11,10,95,10.3,11.5,99,99,99,999,1025,22.2,24.2,999,99,99,Thu,18624
2017-1-16,20,107,13.3,23.2,99,99,99,999,2369,170.3,122,999,99,99,Tue,18624
2017-1-18,9,153,4.1,25.3,99,99,99,999,3016,132.7,241.5,999,99,99,Thu,18624
2017-1-21,7,192,6.5,20.3,99,99,99,999,2299,24.8,163.6,999,99,99,Sun,18624
2017-1-25,7,173,16.4,43.1,99,99,99,999,4867,440.2,441.5,999,99,99,Thu,18624
2017-1-27,2,296,2.1,2.5,99,99,99,999,1017,24.4,24.1,999,99,99,Sat,18624
2017-1-30,5,191,2.6,22.7,99,99,99,999,2819,214.7,219.1,999,99,99,Tue,18188
2017-2-1,9,78,5.2,26.6,99,99,99,999,2020,130.2,23.5,999,99,99,Thu,18624
2017-2-3,5,69,3.6,60.9,99,99,99,999,2817,23.8,414.1,999,99,99,Sat,18624
2017-2-5,3,93,4,4.6,99,99,99,999,1021,23.7,23.9,999,99,99,Mon,18624
2017-2-15,7,234,6.7,33.2,99,99,99,999,3581,302.7,302.6,999,99,99,Thu,18624
2017-2-27,16,115,8.5,9.3,99,99,99,999,1022,24.6,24.1,999,99,99,Tue,18624
2017-3-1,24,115,7,7.7,99,99,99,999,1020,24.9,25,999,99,99,Thu,18624
2017-3-12,20,131,2.8,8,99,99,99,999,1467,24.5,73.9,999,99,99,Mon,18624
2017-3-15,22,220,12.3,17.6,99,99,99,999,1836,63,112.7,999,99,99,Thu,18624
2017-3-20,21,98,8.3,9.5,99,99,99,999,1020,21.4,23.7,999,99,99,Tue,18624
2017-3-22,23,170,7.3,3.7,99,99,99,999,1020,107.2,23.7,999,99,99,Thu,18624
2017-3-24,14,87,12.1,31.7,99,99,99,999,2305,92.8,163.6,999,99,99,Sat,18624
2017-3-26,23,101,7.8,8.8,99,99,99,999,1019,23.7,24.8,999,99,99,Mon,18624
2017-3-29,18,134,2.8,8.5,99,99,99,999,1017,24.5,79.8,999,99,99,Thu,18624
2017-3-31,24,178,7,7.8,99,99,99,999,1015,24.9,25.6,999,99,99,Sat,18624
2017-4-5,10,166,15.9,43.8,99,99,99,999,3711,123.2,318,999,99,99,Thu,18624
2017-4-10,24,90,8.2,9.3,99,99,99,999,1020,24,25.1,999,99,99,Tue,18624
2017-4-12,22,78,8.7,13.8,99,99,99,999,1427,68.6,69.7,999,99,99,Thu,18624
2017-10-18,24,55,4.1,4.8,99,99,99,999,1016,27.3,28.8,999,99,99,Thu,18624
2017-10-24,20,160,5.6,11,99,99,99,999,1014,27.9,77.1,999,99,99,Wed,18624
2017-10-30,24,135,8.4,9.7,99,99,99,999,1016,18.7,27.3,999,99,99,Tue,18624
2017-11-1,23,49,5.7,10.6,99,99,99,999,1018,24,27.3,999,99,99,Thu,18624
2017-11-8,19,44,5.5,6.2,99,99,99,999,1015,25.9,27,999,99,99,Thu,18624
2017-11-10,24,59,7.2,8.1,99,99,99,999,1389,26.4,27,999,99,99,Sat,18624
2017-11-12,23,79,11,12.2,99,99,99,999,1017,26.4,26.6,999,99,99,Mon,18624
2017-11-16,24,68,8.4,13.2,99,99,99,999,1013,23.8,26.1,999,99,99,Fri,18624
2017-11-24,24,296,4.5,5.3,99,99,99,999,1012,24.9,26.7,999,99,99,Sat,18624
2017-11-27,24,61,6.3,7.1,99,99,99,999,1016,24.3,26.1,999,99,99,Tue,18624
2017-11-30,23,92,12.8,13.8,99,99,99,999,1407,67.6,68,999,99,99,Fri,18624
2017-12-2,22,56,6.7,11.7,99,99,99,999,1427,24.9,70,999,99,99,Sun,18624
2017-12-4,24,72,6.5,7.5,99,99,99,999,1019,24.7,25.8,999,99,99,Tue,18624
2017-12-6,24,117,5.4,6,99,99,99,999,1019,25.5,26.4,999,99,99,Thu,18624
2017-12-13,24,222,10.8,11.6,99,99,99,999,1017,17.7,65.5,999,99,99,Thu,18624
2017-12-15,24,246,2.9,3.4,99,99,99,999,1019,19.9,25.2,999,99,99,Sat,18624
2017-12-20,23,117,3.5,4.1,99,99,99,999,1020,24.4,25.2,999,99,99,Thu,18624
2017-12-23,24,93,4.6,5.3,99,99,99,999,1022,24.5,25.4,999,99,99,Sun,18624
2017-12-25,24,75,3.4,3.8,99,99,99,999,1021,23.6,25.3,999,99,99,Tue,18624
2017-12-28,24,37,5.3,6.1,99,99,99,999,1022,23.8,25.5,999,99,99,Fri,18624
2017-12-31,23,119,4.5,5.4,99,99,99,999,1021,18.7,25.1,999,99,99,Mon,18624
